asin,price
B00DU5SRIY,$5.97
1250326753,$26.11
B01BUNHFAS,$11.78
1913330001,$26.99
B076FHJ3K5,$7.67
B082DLGV3F,$8.44
B09WBX1WKC,$37.97
B000WQY7RO,$23.24
B09WBL9HCS,$37.99
B00IA9QTAI,$14.97
B000ORX6WI,$15.99
B0BV9NKGJ4,$163.48
B000WUFVR0,$28
B00PBX3L7K,$17.38
B002MSN3QQ,$41.00
B00C91Q86I,$11.95
B07LBLK57Q,$33.00
B07QTD8JCF,$14.50
B005N7FI8E,$22.87
B07YD3KQ5S,$21.84
B07H38WX77,$27.00
B081FGSWTJ,$10.02
B09NX8R28P,Currently Unavailable  
B005JCZ11C,$17.98
B09QKTQ9TB,$19.97
B004CDV7EY,$10.97
B092Q1TRJC,$168.00
1649374046,$17.04
B071WDG8WV,$43.99
B078JXFBDP,$59.87
B000RNENU8,$7.97
B09WBY6V7Z,$36.73
B001R1Q0OG,$37.53
B01FXN3E74,$28.39
B000P6THK8,$23.24
B07YLKXV11,$13.11
B000JDGC78,$16.88
B07NQCBRK3,$8.25
B00CQGTGXS,$84.99
B09W4ZWCMP,$23.99
B0B5LXFD8T,$10.97
B0BHBP1X1B,$34.99
B09NF696CR,$4.94
B08MCHN4HL,$25.93
B003VNKLIY,$92.76
B07PXGQC1Q,$99.00
B01FV0F8H8,$8.49
B075X2KL5C,$10.39
B09W4PLVQP,Currently Unavailable  
B0017JE6B2,$7.78
140280197,Page Not Found ʢ・●・ʡ
B09D8T11YS,$14.99
B00FLYWNYQ,$88.49
B00VXQGPTU,$5.68
B08YQX3SKH,$11.97
B0072K2BMG,$6.99
B0B783B2MB,$32.77
B009PCI2JU,$49.99
B07N7PK9QK,$8.85
B013O70Z3M,$12.99
B00WSWGVZQ,$34.97
B004G9C0SQ,$16.88
B09QC1WH5L,$14.99
B07XF8ZYV3,$7.99
B07CZWYY4H,$13.95
B0025VP5J8,$29.46
B0016HF5GK,$123.59
B0932M1666,$16.99
B07QK9C9KT,$17.99
B000NWGCZ2,$13.56
B00HBUTBJ8,$3.57
B07856RRDW,$21.95
B0186U9736,$13.95
B00IPS4APU,$11.91
B08WH8BY8Y,$26.99
679805273,Page Not Found ʢ・●・ʡ
B01NB05WI5,$16.28
B083JXZJMJ,$105.14
B07LCW7CZD,$10.19
B094783CJ9,$21.68
593652886,Page Not Found ʢ・●・ʡ
B00ZPWR0N8,$43.00
B0BFTB26CQ,$24.87
B07MCCFSQ2,$4.47
B007L0DPE0,$11.99
B00E4GACB8,$12.96
B087QZQX8V,$39.99
B0BGM4JY9G,$159.99
B00D2JN87I,$34.99
B09GFS49B2,$84.99
B073WZKF9C,$9.32
B007WQ9YNO,$29.92
B01BP8FF6E,$24.00
B01N6BP63M,$13.47
B0933BVK6T,$28.99
62820176,Page Not Found ʢ・●・ʡ
B0B3BM3Z94,$40.77
B073CWSQ51,Currently Unavailable  
B01LYNW421,$59.34
B0013VY4AM,$26.49
B099J494Q7,$12.40
B07JL9291Y,$79.99
B002ZUZXUU,$4.39
B0BZT35KMJ,$9.97
B018B8Q5Z6,$13.48
B01B1VC13K,$119.99
B00U1OCPWQ,$79.90
B00004OCKR,$29.99
B07MCCDZ62,$4.47
593236599,Page Not Found ʢ・●・ʡ
B0BQ3WNKGQ,$15.00
B07TV7ZHT2,$3.32
B08PP48979,$27.98
B08677DCKN,$379.00
B07JVFZJT7,$34.97
B07BH4DD2M,$11.99
B01M9I779L,$9.95
B00N5XRYTE,Currently Unavailable  
B00EYVSOKY,$43.70
B00009LHZH,Currently Unavailable  
B09KHBBCKW,$79.99
B09GXF7KVD,$19.99
B07RK4HST7,$16.83
B07ZQSBCMF,$36.99
735211299,Page Not Found ʢ・●・ʡ
593441273,Page Not Found ʢ・●・ʡ
B07K1WWBJK,$89.00
B01987CT1I,$6.23
1957635010,$17.32
B0B9HY9YX1,$29.99
B0B82QQ129,$21.95
B07XXPHQZK,$21.45
B003RQVGKC,$39.99
B0B6GCNG3P,$9.00
B09FWQ8QCH,$62.70
B00NR1YQHM,$15.41
B00HSC9F2C,$11.70
B0842RYHTK,$25.00
B01N5MWPAG,$3.98
B07GY241Q3,$19.95
B00QKIHXCE,$8.98
B088P487HJ,$6.98
B00OTJ5HZQ,$44.19
1728274877,$10.24
B0BC34MQKZ,$9.98
B09CGGV8DX,$13.29
B01M0GB8CC,$16.99
B0BZK5M9TD,Currently Unavailable  
B09QNSBP69,$10.99
B097B2YWFX,$61.30
B07FK78Y1H,$36.12
B01LZF07GU,$15.72
B0BFTL469Y,$26.99
B07FK5G5R9,$36.12
744080045,Page Not Found ʢ・●・ʡ
B00FXOFM6U,$43.99
B004W05JQ4,$22.98
B0BG3N6YVW,Currently Unavailable
B07PWJ8JY3,$59.95
B005GI8UPI,$8.99
B081FGTPB7,$6.04
B085S7FZTM,$8.87
B01IU6RJYA,$129.99
B00R790CLY,$59.46
B003OAJGJO,$39.99
B07K6B8Q5V,$34.97
B07VM28XTR,$149.95
B081KL2QYJ,$9.77
B00CXVM7RI,$7.96
1728274885,$11.57
B0002ASCGC,$17.54
B00AHAWWO0,$45.99
B0BKTMLGCT,$39.99
B007W3DDUW,$0.98
B0BQ3V78X1,$15.00
B08KXKVT4K,$17.99
B01NBKTPTS,$129.95
B000BX1HGC,$6.97
B01N7KSXHX,$20.49
593336860,Page Not Found ʢ・●・ʡ
B07D8GHZJF,Currently Unavailable  
B076DSRB6B,$24.91
B07FMTFXM1,$14.97
B07GY217XG,$13.99
B00OJ87EHG,$32.54
1465475850,$33.82
B0BPJZDYRS,$19.95
B08Q7MMJHH,$29.97
B07P8B4JDG,$19.97
B01BUMHHWA,$3.33
B00RWCDM4A,$15.99
B001MV5TZ2,Currently Unavailable  
B00AEN4QZ8,$8.15
B01N34XW93,$16.99
B07BHXYCXQ,$89.99
B0031O5QF6,$8.99
B0C78K5BCK,$17.98
1728274893,$10.16
B0084M695G,$7.29
B0BCCDHCZ5,$9.85
B08DZJX8L1,$104.99
B073H4VVC7,$8.80
375726268,Page Not Found ʢ・●・ʡ
B099N1LC4R,$15.97
B005MTSTS4,$18.94
B08XYP6BJV,$59.89
B07L1PHSY9,$8.99
B00SNPCSUY,$15.38
B077VHCMRN,Currently Unavailable  
B000MOL2GU,$31.24
B001OVD6QO,$4.60
B07BKV4B6Q,$29.00
B0BHF5GXD9,$16.00
B0B76KJXWV,$9.88
B09SL5LT8W,$9.99
B07SCGY2H6,$199.00
1735503754,$91.62
B004AHLX32,$18.99
B0085ZAMN2,$119.99
B0BDHWDR12,$219.00
B09HN5M5PJ,$53.10
B09CQFR9T6,$124.99
B07JCD8TG7,$29.88
B07BRQC5XZ,$13.97
B08FKYJHCF,$29.97
B084ZP848Y,$14.98
B00PZZFG0O,$38.24
B000X457HO,$16.88
60254920,Page Not Found ʢ・●・ʡ
B0C6M6D5G1,$29.99
B00U2VR1PY,$14.49
B01E2OVYWC,$18.47
B01DUZYZBG,$10.90
B07RGM11L5,$124.99
B07ZQR1RMN,$31.49
B0764HS4SL,$23.95
B00006JSUA,$19.90
B001CSF44G,$6.99
1984823914,$21.98
B07BHCB9Y2,$39.99
B01MR51N1S,$107.99
B001QYBURQ,$30.00
B07V91437Y,$49.49
B079C7QBVK,$19.97
B071LPY3RH,$26.99
B076FHLQMY,$8.99
1957779020,$16.19
B0BPDW88ZG,$9.97
B0BHC14143,$29.99
B0867GMW9X,$459.00
B0BQLM7Y3V,$10.80
B09PZL5QTT,$15.99
B0895WCP3Z,$17.84
B075K784FK,$11.99
B0BHF2CC1F,$16.00
B09KGB963V,$70.00
B0891843GC,$36.00
B07QQ3M74T,$19.99
B077TWXCQV,$13.99
B001OK1YUA,$5.49
B00FAW4O0A,$149.95
B097CNMZF5,$48.39
B002JAKRAM,$48.99
B0B9QCD9YC,$18.95
B098KSPXSC,$32.99
B07DY2QRF6,$18.00
B00UYBSZ52,$32.50
B00DJUK8HS,$23.90
B07VQZSLDW,$18.99
B005UEB96K,$13.86
B0BHFG4756,Currently Unavailable  
B09HHC154L,$7.06
B072DXGG8L,$6.49
B00006JPO6,$1.60
B094XNTHWS,$15.99
B015EWP2TC,$12.25
B000A3IMP2,$5.98
1601692706,$9.39
B0B4X11K31,$39.60
B08GR51PZG,Currently Unavailable  
B089XSWV14,$53.00
B07NQCBRKK,$6.69
B0842RJPCY,$25.00
B01FYIAQA6,$79.95
B09QH3VC1F,$26.94
B09GFSN4HW,$89.99
B08P26W7N8,$14.99
B00T0C9XRK,$4.99
B07G7WQQVC,$19.89
B0009RFB76,$18.94
B0882ZJ48W,$46.83
B07B8GX69W,$139.99
B00XNM535Y,$12.98
B01LYO4R4I,$10.31
B00AYCO5X2,$5.00
B097NNR535,$15.47
B01N1QE5ME,$24.99
B00Q7EPPDA,$319.00
1501161938,$9.42
B001B181G2,Currently Unavailable  
